Id,Date
0,2014-05-01
1,2014-05-02
2,2014-05-05
3,2014-05-06
4,2014-05-07
5,2014-05-08
6,2014-05-09
7,2014-05-12
8,2014-05-13
9,2014-05-14
10,2014-05-15
11,2014-05-16
12,2014-05-19
13,2014-05-20
14,2014-05-21
15,2014-05-22
16,2014-05-23
17,2014-05-27
18,2014-05-28
19,2014-05-29
20,2014-05-30
21,2014-06-02
22,2014-06-03
23,2014-06-04
24,2014-06-05
25,2014-06-06
26,2014-06-09
27,2014-06-10
28,2014-06-11
29,2014-06-12
30,2014-06-13
31,2014-06-16
32,2014-06-17
33,2014-06-18
34,2014-06-19
35,2014-06-20
36,2014-06-23
37,2014-06-24
38,2014-06-25
39,2014-06-26
40,2014-06-27
41,2014-06-30
42,2014-07-01
43,2014-07-02
44,2014-07-03
45,2014-07-07
46,2014-07-08
47,2014-07-09
48,2014-07-10
49,2014-07-11
50,2014-07-14
51,2014-07-15
52,2014-07-16
53,2014-07-17
54,2014-07-18
55,2014-07-21
56,2014-07-22
57,2014-07-23
58,2014-07-24
59,2014-07-25
60,2014-07-28
61,2014-07-29
62,2014-07-30
63,2014-07-31
64,2014-08-01
65,2014-08-04
66,2014-08-05
67,2014-08-06
68,2014-08-07
69,2014-08-08
70,2014-08-11
71,2014-08-12
72,2014-08-13
73,2014-08-14
74,2014-08-15
75,2014-08-18
76,2014-08-19
77,2014-08-20
78,2014-08-21
79,2014-08-22
80,2014-08-25
81,2014-08-26
82,2014-08-27
83,2014-08-28
84,2014-08-29
85,2014-09-02
86,2014-09-03
87,2014-09-04
88,2014-09-05
89,2014-09-08
90,2014-09-09
91,2014-09-10
92,2014-09-11
93,2014-09-12
94,2014-09-15
95,2014-09-16
96,2014-09-17
97,2014-09-18
98,2014-09-19
99,2014-09-22
100,2014-09-23
101,2014-09-24
102,2014-09-25
103,2014-09-26
104,2014-09-29
105,2014-09-30
106,2014-10-01
107,2014-10-02
108,2014-10-03
109,2014-10-06
110,2014-10-07
111,2014-10-08
112,2014-10-09
113,2014-10-10
114,2014-10-13
115,2014-10-14
116,2014-10-15
117,2014-10-16
118,2014-10-17
119,2014-10-20
120,2014-10-21
121,2014-10-22
122,2014-10-23
123,2014-10-24
124,2014-10-27
125,2014-10-28
126,2014-10-29
127,2014-10-30
128,2014-10-31
129,2014-11-03
130,2014-11-04
131,2014-11-05
132,2014-11-06
133,2014-11-07
134,2014-11-10
135,2014-11-11
136,2014-11-12
137,2014-11-13
138,2014-11-14
139,2014-11-17
140,2014-11-18
141,2014-11-19
142,2014-11-20
143,2014-11-21
144,2014-11-24
145,2014-11-25
146,2014-11-26
147,2014-11-28
148,2014-12-01
149,2014-12-02
150,2014-12-03
151,2014-12-04
152,2014-12-05
153,2014-12-08
154,2014-12-09
155,2014-12-10
156,2014-12-11
157,2014-12-12
158,2014-12-15
159,2014-12-16
160,2014-12-17
161,2014-12-18
162,2014-12-19
163,2014-12-22
164,2014-12-23
165,2014-12-24
166,2014-12-26
167,2014-12-29
168,2014-12-30
169,2014-12-31
170,2015-01-02
171,2015-01-05
172,2015-01-06
173,2015-01-07
174,2015-01-08
175,2015-01-09
176,2015-01-12
177,2015-01-13
178,2015-01-14
179,2015-01-15
180,2015-01-16
181,2015-01-20
182,2015-01-21
183,2015-01-22
184,2015-01-23
185,2015-01-26
186,2015-01-27
187,2015-01-28
188,2015-01-29
189,2015-01-30
190,2015-02-02
191,2015-02-03
192,2015-02-04
193,2015-02-05
194,2015-02-06
195,2015-02-09
196,2015-02-10
197,2015-02-11
198,2015-02-12
199,2015-02-13
200,2015-02-17
201,2015-02-18
202,2015-02-19
203,2015-02-20
204,2015-02-23
205,2015-02-24
206,2015-02-25
207,2015-02-26
208,2015-02-27
209,2015-03-02
210,2015-03-03
211,2015-03-04
212,2015-03-05
213,2015-03-06
214,2015-03-09
215,2015-03-10
216,2015-03-11
217,2015-03-12
218,2015-03-13
219,2015-03-16
220,2015-03-17
221,2015-03-18
222,2015-03-19
223,2015-03-20
224,2015-03-23
225,2015-03-24
226,2015-03-25
227,2015-03-26
228,2015-03-27
229,2015-03-30
230,2015-03-31
231,2015-04-01
232,2015-04-02
233,2015-04-06
234,2015-04-07
235,2015-04-08
236,2015-04-09
237,2015-04-10
238,2015-04-13
239,2015-04-14
240,2015-04-15
241,2015-04-16
242,2015-04-17
243,2015-04-20
244,2015-04-21
245,2015-04-22
246,2015-04-23
247,2015-04-24
248,2015-04-27
249,2015-04-28
250,2015-04-29
251,2015-04-30
252,2015-05-01
253,2015-05-04
254,2015-05-05
255,2015-05-06
256,2015-05-07
257,2015-05-08
258,2015-05-11
259,2015-05-12
260,2015-05-13
261,2015-05-14
262,2015-05-15
263,2015-05-18
264,2015-05-19
265,2015-05-20
266,2015-05-21
267,2015-05-22
268,2015-05-26
269,2015-05-27
270,2015-05-28
271,2015-05-29
272,2015-06-01
273,2015-06-02
274,2015-06-03
275,2015-06-04
276,2015-06-05
277,2015-06-08
278,2015-06-09
279,2015-06-10
280,2015-06-11
281,2015-06-12
282,2015-06-15
283,2015-06-16
284,2015-06-17
285,2015-06-18
286,2015-06-19
287,2015-06-22
288,2015-06-23
289,2015-06-24
290,2015-06-25
291,2015-06-26
292,2015-06-29
293,2015-06-30
294,2015-07-01
295,2015-07-02
296,2015-07-06
297,2015-07-07
298,2015-07-08
299,2015-07-09
300,2015-07-10
301,2015-07-13
302,2015-07-14
303,2015-07-15
304,2015-07-16
305,2015-07-17
306,2015-07-20
307,2015-07-21
308,2015-07-22
309,2015-07-23
310,2015-07-24
311,2015-07-27
312,2015-07-28
313,2015-07-29
314,2015-07-30
315,2015-07-31
316,2015-08-03
317,2015-08-04
318,2015-08-05
319,2015-08-06
320,2015-08-07
321,2015-08-10
322,2015-08-11
323,2015-08-12
324,2015-08-13
325,2015-08-14
326,2015-08-17
327,2015-08-18
328,2015-08-19
329,2015-08-20
330,2015-08-21
331,2015-08-24
332,2015-08-25
333,2015-08-26
334,2015-08-27
335,2015-08-28
336,2015-08-31
337,2015-09-01
338,2015-09-02
339,2015-09-03
340,2015-09-04
341,2015-09-08
342,2015-09-09
343,2015-09-10
344,2015-09-11
345,2015-09-14
346,2015-09-15
347,2015-09-16
348,2015-09-17
349,2015-09-18
350,2015-09-21
351,2015-09-22
352,2015-09-23
353,2015-09-24
354,2015-09-25
355,2015-09-28
356,2015-09-29
357,2015-09-30
358,2015-10-01
359,2015-10-02
360,2015-10-05
361,2015-10-06
362,2015-10-07
363,2015-10-08
364,2015-10-09
365,2015-10-12
366,2015-10-13
367,2015-10-14
368,2015-10-15
369,2015-10-16
370,2015-10-19
371,2015-10-20
372,2015-10-21
373,2015-10-22
374,2015-10-23
375,2015-10-26
376,2015-10-27
377,2015-10-28
378,2015-10-29
379,2015-10-30
380,2015-11-02
381,2015-11-03
382,2015-11-04
383,2015-11-05
384,2015-11-06
385,2015-11-09
386,2015-11-10
387,2015-11-11
388,2015-11-12
389,2015-11-13
390,2015-11-16
391,2015-11-17
392,2015-11-18
393,2015-11-19
394,2015-11-20
395,2015-11-23
396,2015-11-24
397,2015-11-25
398,2015-11-27
399,2015-11-30
400,2015-12-01
401,2015-12-02
402,2015-12-03
403,2015-12-04
404,2015-12-07
405,2015-12-08
406,2015-12-09
407,2015-12-10
408,2015-12-11
409,2015-12-14
410,2015-12-15
411,2015-12-16
412,2015-12-17
413,2015-12-18
414,2015-12-21
415,2015-12-22
416,2015-12-23
417,2015-12-24
418,2015-12-28
419,2015-12-29
420,2015-12-30
421,2015-12-31
422,2016-01-04
423,2016-01-05
424,2016-01-06
425,2016-01-07
426,2016-01-08
427,2016-01-11
428,2016-01-12
429,2016-01-13
430,2016-01-14
431,2016-01-15
432,2016-01-19
433,2016-01-20
434,2016-01-21
435,2016-01-22
436,2016-01-25
437,2016-01-26
438,2016-01-27
439,2016-01-28
440,2016-01-29
441,2016-02-01
442,2016-02-02
443,2016-02-03
444,2016-02-04
445,2016-02-05
446,2016-02-08
447,2016-02-09
448,2016-02-10
449,2016-02-11
450,2016-02-12
451,2016-02-16
452,2016-02-17
453,2016-02-18
454,2016-02-19
455,2016-02-22
456,2016-02-23
457,2016-02-24
458,2016-02-25
459,2016-02-26
460,2016-02-29
461,2016-03-01
462,2016-03-02
463,2016-03-03
464,2016-03-04
465,2016-03-07
466,2016-03-08
467,2016-03-09
468,2016-03-10
469,2016-03-11
470,2016-03-14
471,2016-03-15
472,2016-03-16
473,2016-03-17
474,2016-03-18
475,2016-03-21
476,2016-03-22
477,2016-03-23
478,2016-03-24
479,2016-03-28
480,2016-03-29
481,2016-03-30
482,2016-03-31
483,2016-04-01
484,2016-04-04
485,2016-04-05
486,2016-04-06
487,2016-04-07
488,2016-04-08
489,2016-04-11
490,2016-04-12
491,2016-04-13
492,2016-04-14
493,2016-04-15
494,2016-04-18
495,2016-04-19
496,2016-04-20
497,2016-04-21
498,2016-04-22
499,2016-04-25
500,2016-04-26
501,2016-04-27
502,2016-04-28
503,2016-04-29
504,2016-05-02
505,2016-05-03
506,2016-05-04
507,2016-05-05
508,2016-05-06
509,2016-05-09
510,2016-05-10
511,2016-05-11
512,2016-05-12
513,2016-05-13
514,2016-05-16
515,2016-05-17
516,2016-05-18
517,2016-05-19
518,2016-05-20
519,2016-05-23
520,2016-05-24
521,2016-05-25
522,2016-05-26
523,2016-05-27
524,2016-05-31
525,2016-06-01
526,2016-06-02
527,2016-06-03
528,2016-06-06
529,2016-06-07
530,2016-06-08
531,2016-06-09
532,2016-06-10
533,2016-06-13
534,2016-06-14
535,2016-06-15
536,2016-06-16
537,2016-06-17
538,2016-06-20
539,2016-06-21
540,2016-06-22
541,2016-06-23
542,2016-06-24
543,2016-06-27
544,2016-06-28
545,2016-06-29
546,2016-06-30
547,2016-07-01
548,2016-07-05
549,2016-07-06
550,2016-07-07
551,2016-07-08
552,2016-07-11
553,2016-07-12
554,2016-07-13
555,2016-07-14
556,2016-07-15
557,2016-07-18
558,2016-07-19
559,2016-07-20
560,2016-07-21
561,2016-07-22
562,2016-07-25
563,2016-07-26
564,2016-07-27
565,2016-07-28
566,2016-07-29
567,2016-08-01
568,2016-08-02
569,2016-08-03
570,2016-08-04
571,2016-08-05
572,2016-08-08
573,2016-08-09
574,2016-08-10
575,2016-08-11
576,2016-08-12
577,2016-08-15
578,2016-08-16
579,2016-08-17
580,2016-08-18
581,2016-08-19
582,2016-08-22
583,2016-08-23
584,2016-08-24
585,2016-08-25
586,2016-08-26
587,2016-08-29
588,2016-08-30
589,2016-08-31
590,2016-09-01
591,2016-09-02
592,2016-09-06
593,2016-09-07
594,2016-09-08
595,2016-09-09
596,2016-09-12
597,2016-09-13
598,2016-09-14
599,2016-09-15
600,2016-09-16
601,2016-09-19
602,2016-09-20
603,2016-09-21
604,2016-09-22
605,2016-09-23
606,2016-09-26
607,2016-09-27
608,2016-09-28
609,2016-09-29
610,2016-09-30
611,2016-10-03
612,2016-10-04
613,2016-10-05
614,2016-10-06
615,2016-10-07
616,2016-10-10
617,2016-10-11
618,2016-10-12
619,2016-10-13
620,2016-10-14
621,2016-10-17
622,2016-10-18
623,2016-10-19
624,2016-10-20
625,2016-10-21
626,2016-10-24
627,2016-10-25
628,2016-10-26
629,2016-10-27
630,2016-10-28
631,2016-10-31
632,2016-11-01
633,2016-11-02
634,2016-11-03
635,2016-11-04
636,2016-11-07
637,2016-11-08
638,2016-11-09
639,2016-11-10
640,2016-11-11
641,2016-11-14
642,2016-11-15
643,2016-11-16
644,2016-11-17
645,2016-11-18
646,2016-11-21
647,2016-11-22
648,2016-11-23
649,2016-11-25
650,2016-11-28
651,2016-11-29
652,2016-11-30
653,2016-12-01
654,2016-12-02
655,2016-12-05
656,2016-12-06
657,2016-12-07
658,2016-12-08
659,2016-12-09
660,2016-12-12
661,2016-12-13
662,2016-12-14
663,2016-12-15
664,2016-12-16
665,2016-12-19
666,2016-12-20
667,2016-12-21
668,2016-12-22
669,2016-12-23
670,2016-12-27
671,2016-12-28
672,2016-12-29
673,2016-12-30
674,2017-01-03
675,2017-01-04
676,2017-01-05
677,2017-01-06
678,2017-01-09
679,2017-01-10
680,2017-01-11
681,2017-01-12
682,2017-01-13
683,2017-01-17
684,2017-01-18
685,2017-01-19
686,2017-01-20
687,2017-01-23
688,2017-01-24
689,2017-01-25
690,2017-01-26
691,2017-01-27
692,2017-01-30
693,2017-01-31
694,2017-02-01
695,2017-02-02
696,2017-02-03
697,2017-02-06
698,2017-02-07
699,2017-02-08
700,2017-02-09
701,2017-02-10
702,2017-02-13
703,2017-02-14
704,2017-02-15
705,2017-02-16
706,2017-02-17
707,2017-02-21
708,2017-02-22
709,2017-02-23
710,2017-02-24
711,2017-02-27
712,2017-02-28
713,2017-03-01
714,2017-03-02
715,2017-03-03
716,2017-03-06
717,2017-03-07
718,2017-03-08
719,2017-03-09
720,2017-03-10
721,2017-03-13
722,2017-03-14
723,2017-03-15
724,2017-03-16
725,2017-03-17
726,2017-03-20
727,2017-03-21
728,2017-03-22
729,2017-03-23
730,2017-03-24
731,2017-03-27
732,2017-03-28
733,2017-03-29
734,2017-03-30
735,2017-03-31
736,2017-04-03
737,2017-04-04
738,2017-04-05
739,2017-04-06
740,2017-04-07
741,2017-04-10
742,2017-04-11
743,2017-04-12
744,2017-04-13
745,2017-04-17
746,2017-04-18
747,2017-04-19
748,2017-04-20
749,2017-04-21
750,2017-04-24
751,2017-04-25
752,2017-04-26
753,2017-04-27
754,2017-04-28
755,2017-05-01
756,2017-05-02
757,2017-05-03
758,2017-05-04
759,2017-05-05
760,2017-05-08
761,2017-05-09
762,2017-05-10
763,2017-05-11
764,2017-05-12
765,2017-05-15
766,2017-05-16
767,2017-05-17
768,2017-05-18
769,2017-05-19
770,2017-05-22
771,2017-05-23
772,2017-05-24
773,2017-05-25
774,2017-05-26
775,2017-05-30
776,2017-05-31
777,2017-06-01
778,2017-06-02
779,2017-06-05
780,2017-06-06
781,2017-06-07
782,2017-06-08
783,2017-06-09
784,2017-06-12
785,2017-06-13
786,2017-06-14
787,2017-06-15
788,2017-06-16
789,2017-06-19
790,2017-06-20
791,2017-06-21
792,2017-06-22
793,2017-06-23
794,2017-06-26
795,2017-06-27
796,2017-06-28
797,2017-06-29
798,2017-06-30
799,2017-07-03
800,2017-07-05
801,2017-07-06
802,2017-07-07
803,2017-07-10
804,2017-07-11
805,2017-07-12
806,2017-07-13
807,2017-07-14
808,2017-07-17
809,2017-07-18
810,2017-07-19
811,2017-07-20
812,2017-07-21
813,2017-07-24
814,2017-07-25
815,2017-07-26
816,2017-07-27
817,2017-07-28
818,2017-07-31
819,2017-08-01
820,2017-08-02
821,2017-08-03
822,2017-08-04
823,2017-08-07
824,2017-08-08
825,2017-08-09
826,2017-08-10
827,2017-08-11
828,2017-08-14
829,2017-08-15
830,2017-08-16
831,2017-08-17
832,2017-08-18
833,2017-08-21
834,2017-08-22
835,2017-08-23
836,2017-08-24
837,2017-08-25
838,2017-08-28
839,2017-08-29
840,2017-08-30
841,2017-08-31
842,2017-09-01
843,2017-09-05
844,2017-09-06
845,2017-09-07
846,2017-09-08
847,2017-09-11
848,2017-09-12
849,2017-09-13
850,2017-09-14
851,2017-09-15
852,2017-09-18
853,2017-09-19
854,2017-09-20
855,2017-09-21
856,2017-09-22
857,2017-09-25
858,2017-09-26
859,2017-09-27
860,2017-09-28
861,2017-09-29
862,2017-10-02
863,2017-10-03
864,2017-10-04
865,2017-10-05
866,2017-10-06
867,2017-10-09
868,2017-10-10
869,2017-10-11
870,2017-10-12
871,2017-10-13
872,2017-10-16
873,2017-10-17
874,2017-10-18
875,2017-10-19
876,2017-10-20
877,2017-10-23
878,2017-10-24
879,2017-10-25
880,2017-10-26
881,2017-10-27
882,2017-10-30
883,2017-10-31
884,2017-11-01
885,2017-11-02
886,2017-11-03
887,2017-11-06
888,2017-11-07
889,2017-11-08
890,2017-11-09
891,2017-11-10
892,2017-11-13
893,2017-11-14
894,2017-11-15
895,2017-11-16
896,2017-11-17
897,2017-11-20
898,2017-11-21
899,2017-11-22
900,2017-11-24
901,2017-11-27
902,2017-11-28
903,2017-11-29
904,2017-11-30
905,2017-12-01
906,2017-12-04
907,2017-12-05
908,2017-12-06
909,2017-12-07
910,2017-12-08
911,2017-12-11
912,2017-12-12
913,2017-12-13
914,2017-12-14
915,2017-12-15
916,2017-12-18
917,2017-12-19
918,2017-12-20
919,2017-12-21
920,2017-12-22
921,2017-12-26
922,2017-12-27
923,2017-12-28
924,2017-12-29
925,2018-01-02
926,2018-01-03
927,2018-01-04
928,2018-01-05
929,2018-01-08
930,2018-01-09
931,2018-01-10
932,2018-01-11
933,2018-01-12
934,2018-01-16
935,2018-01-17
936,2018-01-18
937,2018-01-19
938,2018-01-22
939,2018-01-23
940,2018-01-24
941,2018-01-25
942,2018-01-26
943,2018-01-29
944,2018-01-30
945,2018-01-31
946,2018-02-01
947,2018-02-02
948,2018-02-05
949,2018-02-06
950,2018-02-07
951,2018-02-08
952,2018-02-09
953,2018-02-12
954,2018-02-13
955,2018-02-14
956,2018-02-15
957,2018-02-16
958,2018-02-20
959,2018-02-21
960,2018-02-22
961,2018-02-23
962,2018-02-26
963,2018-02-27
964,2018-02-28
965,2018-03-01
966,2018-03-02
967,2018-03-05
968,2018-03-06
969,2018-03-07
970,2018-03-08
971,2018-03-09
972,2018-03-12
973,2018-03-13
974,2018-03-14
975,2018-03-15
976,2018-03-16
977,2018-03-19
978,2018-03-20
979,2018-03-21
980,2018-03-22
981,2018-03-23
982,2018-03-26
983,2018-03-27
984,2018-03-28
985,2018-03-29
986,2018-04-02
987,2018-04-03
988,2018-04-04
989,2018-04-05
990,2018-04-06
991,2018-04-09
992,2018-04-10
993,2018-04-11
994,2018-04-12
995,2018-04-13
996,2018-04-16
997,2018-04-17
998,2018-04-18
999,2018-04-19
1000,2018-04-20
1001,2018-04-23
1002,2018-04-24
1003,2018-04-25
1004,2018-04-26
1005,2018-04-27
1006,2018-04-30
1007,2018-05-01
1008,2018-05-02
1009,2018-05-03
1010,2018-05-04
1011,2018-05-07
1012,2018-05-08
1013,2018-05-09
1014,2018-05-10
1015,2018-05-11
1016,2018-05-14
1017,2018-05-15
1018,2018-05-16
1019,2018-05-17
1020,2018-05-18
1021,2018-05-21
1022,2018-05-22
1023,2018-05-23
1024,2018-05-24
1025,2018-05-25
1026,2018-05-29
1027,2018-05-30
1028,2018-05-31
1029,2018-06-01
1030,2018-06-04
1031,2018-06-05
1032,2018-06-06
1033,2018-06-07
1034,2018-06-08
1035,2018-06-11
1036,2018-06-12
1037,2018-06-13
1038,2018-06-14
1039,2018-06-15
1040,2018-06-18
1041,2018-06-19
1042,2018-06-20
1043,2018-06-21
1044,2018-06-22
1045,2018-06-25
1046,2018-06-26
1047,2018-06-27
1048,2018-06-28
1049,2018-06-29
1050,2018-07-02
1051,2018-07-03
1052,2018-07-05
1053,2018-07-06
1054,2018-07-09
1055,2018-07-10
1056,2018-07-11
1057,2018-07-12
1058,2018-07-13
1059,2018-07-16
1060,2018-07-17
1061,2018-07-18
1062,2018-07-19
1063,2018-07-20
1064,2018-07-23
1065,2018-07-24
1066,2018-07-25
1067,2018-07-26
1068,2018-07-27
1069,2018-07-30
1070,2018-07-31
1071,2018-08-01
1072,2018-08-02
1073,2018-08-03
1074,2018-08-06
1075,2018-08-07
1076,2018-08-08
1077,2018-08-09
1078,2018-08-10
1079,2018-08-13
1080,2018-08-14
1081,2018-08-15
1082,2018-08-16
1083,2018-08-17
1084,2018-08-20
1085,2018-08-21
1086,2018-08-22
1087,2018-08-23
1088,2018-08-24
1089,2018-08-27
1090,2018-08-28
1091,2018-08-29
1092,2018-08-30
1093,2018-08-31
1094,2018-09-04
1095,2018-09-05
1096,2018-09-06
1097,2018-09-07
1098,2018-09-10
1099,2018-09-11
1100,2018-09-12
1101,2018-09-13
1102,2018-09-14
1103,2018-09-17
1104,2018-09-18
1105,2018-09-19
1106,2018-09-20
1107,2018-09-21
1108,2018-09-24
1109,2018-09-25
1110,2018-09-26
1111,2018-09-27
1112,2018-09-28
1113,2018-10-01
1114,2018-10-02
1115,2018-10-03
1116,2018-10-04
1117,2018-10-05
1118,2018-10-08
1119,2018-10-09
1120,2018-10-10
1121,2018-10-11
1122,2018-10-12
1123,2018-10-15
1124,2018-10-16
1125,2018-10-17
1126,2018-10-18
1127,2018-10-19
1128,2018-10-22
1129,2018-10-23
1130,2018-10-24
1131,2018-10-25
1132,2018-10-26
1133,2018-10-29
1134,2018-10-30
1135,2018-10-31
1136,2018-11-01
1137,2018-11-02
1138,2018-11-05
1139,2018-11-06
1140,2018-11-07
1141,2018-11-08
1142,2018-11-09
1143,2018-11-12
1144,2018-11-13
1145,2018-11-14
1146,2018-11-15
1147,2018-11-16
1148,2018-11-19
1149,2018-11-20
1150,2018-11-21
1151,2018-11-23
1152,2018-11-26
1153,2018-11-27
1154,2018-11-28
1155,2018-11-29
1156,2018-11-30
1157,2018-12-03
1158,2018-12-04
1159,2018-12-06
1160,2018-12-07
1161,2018-12-10
1162,2018-12-11
1163,2018-12-12
1164,2018-12-13
1165,2018-12-14
1166,2018-12-17
1167,2018-12-18
1168,2018-12-19
1169,2018-12-20
1170,2018-12-21
1171,2018-12-24
1172,2018-12-26
1173,2018-12-27
1174,2018-12-28
1175,2018-12-31
1176,2019-01-02
1177,2019-01-03
1178,2019-01-04
1179,2019-01-07
1180,2019-01-08
1181,2019-01-09
1182,2019-01-10
1183,2019-01-11
1184,2019-01-14
1185,2019-01-15
1186,2019-01-16
1187,2019-01-17
1188,2019-01-18
1189,2019-01-22
1190,2019-01-23
1191,2019-01-24
1192,2019-01-25
1193,2019-01-28
1194,2019-01-29
1195,2019-01-30
1196,2019-01-31
1197,2019-02-01
1198,2019-02-04
1199,2019-02-05
1200,2019-02-06
1201,2019-02-07
1202,2019-02-08
1203,2019-02-11
1204,2019-02-12
1205,2019-02-13
1206,2019-02-14
1207,2019-02-15
1208,2019-02-19
1209,2019-02-20
1210,2019-02-21
1211,2019-02-22
1212,2019-02-25
1213,2019-02-26
1214,2019-02-27
1215,2019-02-28
1216,2019-03-01
1217,2019-03-04
1218,2019-03-05
1219,2019-03-06
1220,2019-03-07
1221,2019-03-08
1222,2019-03-11
1223,2019-03-12
1224,2019-03-13
1225,2019-03-14
1226,2019-03-15
1227,2019-03-18
1228,2019-03-19
1229,2019-03-20
1230,2019-03-21
1231,2019-03-22
1232,2019-03-25
1233,2019-03-26
1234,2019-03-27
1235,2019-03-28
1236,2019-03-29
1237,2019-04-01
1238,2019-04-02
1239,2019-04-03
1240,2019-04-04
1241,2019-04-05
1242,2019-04-08
1243,2019-04-09
1244,2019-04-10
1245,2019-04-11
1246,2019-04-12
1247,2019-04-15
1248,2019-04-16
1249,2019-04-17
1250,2019-04-18
1251,2019-04-22
1252,2019-04-23
1253,2019-04-24
1254,2019-04-25
1255,2019-04-26
1256,2019-04-29
1257,2019-04-30
